ano,mes,media_valor_total
2023,1,27.02038310708492
2023,2,26.898484499532195
2023,3,27.803426281277332
2023,4,28.269516727673878
2023,5,28.962981777556617
